id,phone_sequence
mcsh0_sx109,KyKBnwLMwDJLHhrIsysDvrsELABFSBaBDlwJLHMyLHMJLSBFLH
mbns0_si1850,lcLuOLDCaIFLMPyTPCgaLhG
mgwt0_sx369,hLhaeaLHsLHrLmFLtHwlcBwQwEIwCDTrFLJ
mcsh0_sx289,SnlrLHIPtLucBagKwPwUrQryTPUtFBFSFGwDJybmB
mpdf0_sx12,SPBQIaLhwDSnrcTcBFSBSBwBy
mteb0_si2064,vyTyPSPwULuwtLMwLkSwQNbDcvFCbEwLMPwUcDLnbnDcLHFLDwDcBwrtrScDnsnDmDwcDQnDyIsJ
mdvc0_sx126,aImrwtwKBwDLMnBcLzwDLMJUwUtrIyB
fjem0_si1894,gtalnrIbDTDTwCaLtvwrJNJwLANlTyTyTPwUwLuFBLF
mgrt0_sx280,lyFBFBsJwJLScUwCragcLz
mrjr0_sx372,lbcLkgLuIbCsLAJMbDULSFBDCByvybtLMrCcacLiJLMcmy
fdrw0_si1283,lwQwEwDwKnBLlnlwQCsmyPBbLMPDCIwywmyctaBbLlwLAsULCIbLHcLQBybnwLtaILJLM
mjmp0_sx185,TkTwLzPLhbgwDyLAaImrIgsFQraBUNtUt
mjdh0_si724,wkwLMwJLMIyCgDECECIgtBtbJLMcDScBCsLkLk
mdvc0_si2174,aBtLKTabcmceLHLvyUJwnLk
mrjm4_sx229,aIywcBOLAwELtSaICLhHacDcDLk
mteb0_sx143,lwJbeDLkwQLznDcwtrULhkyTyPLlBJLAunrIrLhybDcBFLHLH
fdac1_si1474,vbUJLAybDCbDvyUJUJbLhSBwQNQLCaLkwJLMsJUJLJU
mbdg0_si833,cBbnJLHrJcDCBJnBULCwDKzwnc
mdab0_sx139,lcLhcDELucBFScJLHBcUJUBsyJwLiSwmwLkwlwKaIr
fjem0_sx4,zsDCsLArCSgaICgDyLhgSrLATwDEDvgagarI
mbns0_sx410,uInbnLhgUtInKLDFLHyLiLSyLNsCSaIDwE
mrcs0_sx143,lcwJeDLkwLzwDwtrLULhTyPLuBJLAuwTIrLlybnDLtBFLH
mmjr0_sx208,IhIaLJbLHhglcLHaDLkLwDUJLunLiLlwJLMIsLuTyJ
fpas0_si2204,HImwyJwPSarICwLATwIQCcSaIwELATnIwmwctBLkbCLhIFaBFIUcSaLAwDLJLJwLA
fpkt0_sx188,vSPSaBNkcIgUNywDCSBSBwCwmwmwLuAJLhnDJwLAe
majc0_sx295,wtLAnIBFBFLAcCUJLMcCgagIFBcBvLvLvbQrsDLDztrCymwEwLMP
fdrw0_si653,KwFByQwJUJwQUwcDQIybaBamySyaBwLDagaBwLz
mbns0_si590,hIrPrLzwJLMcJDBUcDtnrywUacDlHlcCFJLAaCcDCbnLNLlcLlUcQHIrwrQrLAIaJDwELEU
felc0_si1386,wDSysLzLDwDLuFKtKtKTwPsKDJUJNLUltywDLkwJLMIyLhaILAwDUcwUwTPDnDLSLShSOwlwJwDLuBDTwDTwD
mmdb1_si995,bLkMwtrDLMgDCUyJrLkwULAByLABcQlQcDCLASgnIrBymrLwnDwUSaIFLAwDcJLM
mnjm0_sx230,acBeBySsvnrLhcIbaLJLDCcBgUvaBvnrC
mtaa0_si1285,tLlwCByIbnKJLDwyDLHIacLSBwySBcLhyEDukncJrywy
mtas1_sx118,vAcCLhgEDaBLlhkyELuIyTwDLJLwDcBaILzLhB
mklt0_sx313,uIatacgcaQtBaBCJUDlcLhaDLJiLDBtSaIyTyLuPBceneBe
mrtk0_si1723,wvwDTPSgLhywLkIwtLMwQLhwbwnwDtIrCDFSnr
mcsh0_sx19,cFSPcClcDwcCJFQrSnrLAnDatcDCLhytBnCUwy
mcmj0_si602,hwLlMwKiwLMJrQrIryJtBFcDCeQDwnrFSByLkaFDLunDLJLJrwCsDsJnrQrUnDwCaI
mglb0_sx274,AuSBPwPtScwJPNLhclFcLzwrywULChcJgcgacgK
mdvc0_sx396,lwtwKLhyLubDLMcByLHtIbDwLAByaDLlcJrtwJcQlwJLCaBsLALA
mgrt0_si1450,CyLMUJLlwrIysKDLHIaJnJwEDvFQCyLkvnbnDUIyJyLkyLAJLMwnDLJtyPyLwDCnwJLMwLusKwD
fdhc0_si929,lhlhnLMJNlJwnLMiLAsUJwUSrIywDcwLHbJLMwbncnDTPKPSPBLF
mtaa0_si596,aDlyULNlhytIwPBsLAwDhIFBg
fmml0_sx140,vbnwsmrLABFBFLMiIFBLHamcnLAJarIgcDyLQwDcBywDLkwJLMizwLhyLmw
mbpm0_sx137,MrLkwKwDrLASgrIrIULHIbnDBcLHIPQBtIrgcgLkrIsLzLCnrLz
mlll0_sx283,HBbDLkQLHnrIrLvOmkcaILuIwUsKwDUJLHCcFcFcLHrJLAwDLMIFB
mrws1_si1130,KwlywLAJnBrIsmyEuInQLNcQtLMnsLDFeBcLzTPlnDCDCcSaICcJ
mthc0_sx205,DCDwPFBFcLiMirywLHrJCDeneBvaIwLAJLHcLMwLMPFLhsLuFQIrCwDLMaImrU
mtas1_sx388,vrIgLvbnbDLsLAJLScmDknQrwlwLhInrIrQCnLMrLHInKrLMisLzwU
mers0_sx119,lcCDwJLASFLHSwUIyLMIbLMwLkLScNcDcCLHaBcLzy
mjfc0_sx403,vrSarILhIPCLHADLJwJwQSFByKLMrLiwDLhBnBFQJwU
fmah0_sx299,JrgImyELAIsysCwUlwLHaLHAwmrIgmrwCcDvaBcByE
fsem0_sx208,IaDLJbLhgagaglcwcLHaDwnrDLJLAunLJLlwJLMIsLkuTyJ
mrjr0_sx282,lwLMiPyPNtNtnwnrIytrwLkaLMwLAaCSnDLkIaLzrULMPLNtnBeLHLk
mwjg0_sx44,hbJLMwcLhaBLHAHAwDLhywDwDkwLAMsDmwDLJUJLHSaILM
faks0_sx313,hIaLHtgLtaICDUJUJUwDlcLhaLAJLHctaIywLuFe
mrws1_sx410,uIsnsLhgUtInrKLCFLHAyLiMLSyLMsCaImDrC
mdab0_si2299,JcFCDLMgFUJyLAFJgmcScNtBbtaBmwULhywUvFC
mglb0_si1534,wUwLhwLuAcFUcCgcJLBcQcCBwDnJNlcwLHnILuIFUcCgbgtsJ
fjmg0_si1181,HIaLHrDByTyULkwLHInULlwDCLhFcLMwuwUnDbnDLAtJBwDwLyLwDULMrCnDLbnbnCwDCBSgDCbnLD
frew0_si1280,lwJwnBLMrKaDScwLHIrQIbgmIaCBcUNbLUJLcBytaBeLHrLMnLAKwD
mrjr0_si1812,wLMirwLkywULDFLMgCtaIwLAICwDsKDUJU
fmgd0_si1564,vcgcgULhwDLuIySwULhbebDwLhgUJULDsLuInBtbDUJwUbDLlhnrSrLuIsUwELAbmeB
fkms0_si860,lkyPUwDLtBPLkLSByQUwcQbLUDUwULkFBcUJwUwnDBsnBtNJ
fdrw0_sx383,lwLAaLHcwLAIyDnKbCLHPmaDaAaBaIyvbnDcBIcLk
mtls0_si2000,SyLAwyELuTwmwLHwLtSwLhkysLkLvytwLHsKwLIBwy
mnjm0_si950,bJNJNJcaLiLnBScULhyaCLHaBcNnLJcDvbLDlFDyTysmwcLMnctNtclhcLAsKwDLhgswCbNtNwLzLz
fedw0_si1714,vywnrULSIcDFCBeaLALSwnwDaCcBytNLkubnbLHhbwbwD
fedw0_sx364,hlyLzbcDLMbaIDCBsysAbsELAaBCBaJLAaFBSBwDJgagLmLmwLSwLlwcLhIsLkeDLMcQCsvyLmkwELUJwJLMkcwcCLHGaIGLMkM
fnlp0_si678,tnBQhgJnwDIyLAwDLJwnLmzmrLkLk
mklt0_sx133,HhyLMwrIwTrUwLCQIwyEDTywtarILASwyLuABcLMJi
mnjm0_sx140,bgLurwLAaBLMiIBLHIamaLAJaIvaDsysQcBywQlwcJLMIwQwmwLk
mnjm0_si2210,CDaIywLHrDgbLuIcJNJtSacDLNJtJcBganaIQCrLr
mjln0_sx369,haLHsLHrmFQIrwlcQwQlwyEPCwrBFBU
fmml0_sx320,wDnrIrwJwDwLukaLCwyEDaLhyISwlNwDSacaLAwEDLkwJLMwDLHJ
mjfc0_sx133,HyLMiTrIywUarILAwDQIyDEywDLtIrLASIwLAScDLiz
mjdh0_sx364,yLicDLMaCBywDLAcCSBaJLAFcDLkJgmwcSwNcLHIyLNkeDcQtwLvymyELEuJwJLMcCLHaILM
fjmg0_sx281,AaIyDLMIsKJzJzLHBgsgLMvbLuSwNLhyLiLhaBUtregrUJU
mcmj0_sx194,DlQksbwDLzGsSnDgarIrLkwrwKDwD
mlll0_si1363,JclQByULhwLAwBsKDUJULCbynwJcCnIrcwLclrUwJcCScmwDCLhwLTPcJ
mmjr0_si2278,uTPwLMsLAJwDLtLtagagILAeDyULMPQLhbnLQIrDCU
mrtk0_sx103,AIaBaDbCLhuwFBFcDUtrCnmwLABFcJwJLMcDLJ
mwjg0_sx134,khyJnwLQLhIwDLzbgbnDTPSPIsLAIcDLDgJLCcDLNJLMcwJLHnDLkwLDCgbLhwy
mteb0_sx53,vyQnwDnwJwcDLHBQBLAbnQIyBsIyLAwDLMvsDJnCLhBU
mjsw0_si1010,lwJnFLAcaBLQnLicCPFBgQIywUlcvaILkubDcJLHrCwQlysLuAJgULMkLJyLkLk
faks0_si1573,vwULAbeCLMcDFSFcBcJLNlMwDcDvbLkurLkwcDwULhyTPLmwtBLhPLMJLSrSaIDwDLiKibLhy
mbwm0_sx314,hyLHhBSrCaILznDrwJNlrLhyLCPwDCyPLktIrSnBtr
mbpm0_si1584,InLMrUatwCLHATrywJtatwDLMnCLMwLkbnJLASnwKLiwDLJLHhlcmyDnQrLknLDLD
fjem0_si634,vyTrLTDTyTPwQNLABSgLtIrJLSsNlwQByPQlwQnrIywCLhgmwCnDmwQLDCDywDwtCwDJNtSBgDcDQtLt
fcal1_si2033,SOLhwLABaBJSBcKsDLkwNrFSbnJLMaIGBgLlwnwJ
mtdt0_sx364,TyLzcDLMgCBywDLAcFCcSPBaUJLAFcUJUgmwLSwNlcLhIsLkecmcQwvymywEJwJLMcCLHaI
mers0_sx389,lsbeDwLhwsLuAveJLwTwDnwrInCFLAcDLMIyJbgLk
fdrw0_sx113,nswDCDcJLATPBncbvbvbLkwcCwDLwULuwLktIyTwLhbeBCtLAkALM
majc0_sx205,lwcBcLMnIywLHrJcDerLAJLHhnLMwLMIPFBFLhsLucQCwDarILmrJU
mrcs0_si593,lwywLueBcDLMkMvbLtJlwmyEwULkgEDcDwDNJtyLMk
mjmp0_sx365,lMlMwLknbDCwDCLMAMnLMwUQwLMwCLAaInrLkbLMnbICLHGBGLMtIwUNLIyerU
mmjr0_sx28,hsLhbLuaILktIFSacDLuneBDcQLubtJ
fedw0_sx274,ABncBtLScwJNJPQLhaLhlkwcQhcLzwrIywJLDcrtNJaLzizi
mtaa0_sx385,vwKaSIrtwnFBLuncUwcwtwLSrLhIFLAwD
mjfc0_sx43,nFBFLhwByLHyLhHGBaIaBFtwDwDLAJLABPLkD
mroa0_sx227,lwLJPFBNTrLkLAOPOLAcNlneBeLMIPLCr
mdab0_si1039,vTwcwULDnQrvDCDLDJnBtNlcQrsvsysyLQtHBSOLiLMLhyvsmwLSOLiwcQcJtbnbneU
fdac1_sx34,kneDLkPLibeByUJLunsmyLuwKwUJ
fdhc0_si2189,TPyUJUaBlcCaSyULlMwLunclwrwLlhkFUTrwU
mwbt0_si2183,hOLJcFtFKLDCcOLHMHJ
fmld0_si925,SlcQvyCwUwLAcJLMwLkywULSgLkwcLQhaIJLMwC
mroa0_si1970,lwLAIPBwTlwLkwDctFLAHLwDcCIyDCDLiMLDLMPLkwLkaIDwUDLCFcDFBULIrIeCLC
fadg0_sx199,TcDLiznFBLkIcDKwmwcQGLmkwLAJLHhHhFKrLMwLAwDLMsLzwUJLkMwUyUwDwUJUJ
fnlp0_sx48,uIbCclkreLuPvIabebLhIsEywDwDCDLHvbnmywLAncFDQLkU
fdms0_sx48,uIcDclreLAuIPvrIbLHIwEDEyEDLHnDwLHbnLJ
mpam0_sx109,KyKJBwOLMwDUJLhIsDLkrIbgDLAcSacDCcwJLMyLhHJLCFLH
fnmr0_si2029,wEDeFLMvcQaLAbCwDLMwvwULQtSGJ
mklt0_si583,lywJLSwyLAwDLJwLlcNtnmwLHABywDJLMbnbwDC
mwjg0_sx314,wLHyLHcSIOLizncDrIrwUJLlwScLhyDLkFDyLtLIrcSnBtnr
majc0_sx115,lybnwCLBcCLhkwLHwLJyLAIaLHcBnwJLJaBcLuBcBFcB
mjar0_sx188,SaNrIgUlywcDCcCwLkwLknLAJLHhnDLJwLAaFcD
faks0_si2203,lcwrQIyUwvwUtIrOwLlcwJLMgLJyCDLMkMtPBwKLDgeFB
fcal1_si773,BnmaBLHIaLznLAJLMIgJBaByLtrJnQIBLksU
fmah0_sx29,vbLuIsLkwLHsLAwLHbsbLAwctLHwLMsmwPDQUQU
mjln0_si1449,MiytwDLMiIrJLMwDLDIsLmkTywcJLMnIrBScUsKzwDLuInwUagLUwDwDCcBcNLMnrnrIrJrQIrwJPwUJ
mbwm0_si1304,vwPSwUwLAJLHhBFPFPULkPcvagLhcBacacJcLhyLubncKLMiwnwn
mdvc0_sx36,FBywlcCFBFJLMwLAaBLHBOwsKLwcaImwJLcLMsDLHaLHyBnrIrmy
mdvc0_si2196,vcLHrtIbsKwcDlcLhIaLCywULuOLkwnDbwDLAecCwULCgDcScUJUJwDLMwLhyLJLDsULMkbLM
mjar0_sx8,SgTnBrSrIyFQrJwcBygmcCU
fnmr0_sx319,cLhwLuFLkMLgLkByLbAbCLhBFBFLktNIwQwtgICDyTyTaIwLDLD
mbpm0_si1577,hIebmDgUgLhIeCcJLMbK
mglb0_sx94,TcCJLMwPUBFQtLuAuacCwDCLAbDLkywULMIyLMJU
mtdt0_si1994,JPBtaFByULhwywrULScULkwLuwCywDCLhnLDCbDTPLzwJLHnDcSBSamcCcDy
fgjd0_sx189,klkwJLMIaGnIytgaeaeBIwBsmwLMwCrIeaLknLJ
mwjg0_si1124,lBwLCyLASFQLvwDCyLHwDCSaItByLtaIrLvwUwDbeBcJcwJUwUwDCLHaILDLMCBgsnLNwyEyE
mwew0_si731,lctTyTPUBsmrPlwLkFCECELtwnwBwcD
mjar0_si728,HFLJNltybLHBUwDwJrIFcLHtIrLMFBQCbnDnLJLkMrIsDcFceCwDELAScSB
felc0_sx216,lcJLCaBLhGLHScLlkMcSaICcDvFLA
fkms0_sx410,uInsLhgUtIrnKLCDwnwnBLHATyLiLSyLhuwsCaIDwELE
fnmr0_sx49,vwLMSIgBgLacCDCcDLMSanBtNMNLNksLScDlvbLtKcLhByLy
fmml0_si1040,DaIgIlmwEDwPIPwULwDLkeBecDLzLwDvbnDCwLAJLMIsIByLksDLzrwJBcLAKry
mers0_si497,lwJLHBGsLlwUSgbebCLHJLlcLHcLHwcJLMcSBgLlwLizwFBFBLkrwDLbDLkaILknLAIwLmkwcQbLAMJMwr
mbpm0_sx227,wLMvMnBNtNTrLkwLAcLASwcNQtbLirQr
fpas0_sx44,hceFULuAuwLhBFBLAwDCLhywDwncDLkwLMDsDwDEDUJLHhaI
mnjm0_sx410,uIsLhgLUtIcnLJKLDnFBLHyLiLSyLNsCaIDwE
frew0_sx200,InbaeBQtLADLMIFBLlhcJNLNkaLHaILMtIDBDwcLhBsLir
mrcs0_sx233,vgSsbnDktIySsLCwyEDwDJsCtNwE
mbdg0_sx113,cCcJLMwmaIbLkwCnwDwUJLAuOLktIwyLurLhbLA
felc0_sx36,aFBywOLlwCFJLMcLAaBDLHBcwJLJtaImcJcLMswDLHaLHwBnrLmwy
fpkt0_si2168,lsCsLuAcUJLADtaICwJBOLuOcOc
fsem0_sx388,vrIgLvbDbsbsyLMJLScDnQIrwlwLhIrICnLMIrwLHInsKrLisDLzwU
mrjm4_sx139,lcLhcCLhcBFScJLHIcFULDCSBSyJwLiPSsysmwLlDTwrLlwKraSr
mreb0_sx385,vwKnFBFLkrtnBLHnDUwNtwrSrILhIFLAwD
mcmj0_si464,lhwLHIaJLHnLMwQLAcmwELhbLAJLHInDwEwUDrDLHMHgUwcCaIDtInDwLucQrDrLr
fmml0_sx50,vAvbecnJLMIacacatwLAnLAwDcCwLAHAnwLHbLAJLCwDLuaIcLNlcLHaI
fadg0_si649,wLNJncQtQtrUtrCcBbLAwcQHTywDwDLMywQLHIrLHwJwnDIrJLHnLMtrvrIFwLABymrtKnLH
mrws1_si500,lnrCaIaLtywJLDwDCDtcCsmDmybLAJcDwnwDyLHIgaQIwmkgUJTwryU
mdls0_sx188,vSPaNrIgJycDBwcBwmwnwmlwyLAJLHnDLJcwLAeLH
mthc0_sx295,wtLAMnrIrFBLAcacCLtJLtISaIBLvbQtrIsKtrCymyEbcLMPLP
mbwm0_sx404,haILhrDLHsLHIrwDcByPLQJwCcwcLhwyLhaDtagrgrIr
mgrt0_sx100,HIacgLznDLkwQnBcCcDLScULHIrJyELMPJULBFBy
fadg0_si1279,hInwLAJaIDBLMrDwLMwQ
mtls0_sx110,lcLhbJLHSsGLMcLCgrDLhwUJLMwJaBLhnLAJLMrLHIaeLHcCLUJUJ
mjmp0_si1535,vyLiMbCQBLCBnJLMwULHyKwLktsBLB
mjmp0_si905,vLvwUSrLhwyLTbDLzwJwLMLMsUbtLMcwlkctBcLk
mgjf0_si1901,cScFCLkIyULHBsmwLAIaJLMwLCPQwETwrQBgLASsLQJ
fnmr0_sx139,lwLhcELucBFScULHBnJcLCDGByJwLiPSGsnmwLDbwnwDlwKrarIr
mcsh0_sx199,TcDLizwFBQrDKwmwcQGLmkmyLAiJLHhFGKrLMPLAwDLMsLzwJLDwUyUwU
mmdb1_sx95,yLuSaDCwUwDbBwLNAymrJnLMIaLHyLABIncLMgBU
mrcs0_si1853,lncJLHwywQHbDLJwLArLuwnDLQhwywLMwDCDULMisDLKUKLUwDwLHwrIwDJLbnbnbnDPSwDUrIgLk
mwew0_si1991,SgFmcLQLhywLHwESBEIFCDlwJLMIyLMwDLAbcUJLMwCUwDCbJLAJLvwnwDbnbnQDwEcCLhaFB
mers0_sx29,vcecLuIsnsLlMwLHwLAwcLHbLAcLHLHsmFwcDQU
mrjm4_si2119,lwywDCDJLMwELMPcwLkwJcLHcCbULhwLDCaDBJLM
fdms0_si1218,HnFBcLNJLCaInBtQtrLkcSnBecvywCwDLHbKDU
mmdm2_sx282,lwLMIPNtwrIytrLuaLMLAcFCScwDIcgLzrULMPNtncBeBLH
mrws1_sx230,lcBeFcSBySsTvTwTrLIwLIbKLcBSgUaBnrU
frew0_sx290,lwJLhIrFtIrULhHwLMPwLuTrBywCDLHSaICwLMwPwLtIrLHIrJLhnLhlMkyLhgrLr
mjfc0_sx313,zIaLHtgtaICLzwcCSBcLhaLiLHhctaImyLuFSaFB
mpam0_si1819,vTPIcLkwUgUJByLHcBySwNLScDvTPLzLHaFaB
mrjm4_sx49,vbLHMHMSaBgLmacacDlcLMISaBtNLNksSBwcBbCLKrwLhBy
mklt0_si1213,CFgeBFcDLhwLAJLHwrIrwLUJwULtaBcLJwCLHBwcBgDU
mjsw0_sx290,lwJLHIcOKrJLHIwLMwLAcBywDtaICwLMwQtrLHIrJLHbnLMwQLhgr
fnlp0_si1308,wDLkMlMyswmwULHaJcLhBOFLMwJncnLHIPIsLsyLmBcgLMaDLHnrIrLCnDEDbnDwswsELtcQDlDrPLuAByrIrcrQtnbLJ
mjdh0_sx94,TwTDcCLJLMPULBcFQLAaDwELAbDLkyPULMIyLMiJ
fjsj0_sx134,kywUwLhrwLzbnsnDTyrswrLDgUJULCcDLJLMwJLHnDLkwCgbCDCy
fnmr0_sx409,TDyLMsEDEJLHwCwsLziLCgLBywELuAIyJwJLMIsyLHhIrIbDLATPBcNJNJLBy
mteb0_si503,lknIyaJLMzwrTwnLQLQrIsJyLy
fjem0_si1264,klybnbDCLNlwUaBaBLMwDsPLkLScNtaELharUJUJLhFLuAwDQtrUtNtLCPCPcPCQU
mwbt0_sx203,lwLABaULSsybDLkwLkcLhIcLHBsyLbncLlcwKPaI
mbwm0_si1934,SsmcBPFcSgaeB
mmdb1_sx5,KywJLNLlwDrwlwnwDcFBDvTPcC
mjln0_sx99,CwLkyQBJtNcwJgmySwUNLhHsJLMkaDELvgraILAyUJ
fedw0_si1084,lhnLHhlHsysysyECDCDCLCsLhyLhkFctaCsKwcDcLaLCsKsLtIFCLQLSBywyLiLbecebLhswKsLMJNlJyQaBt
fjmg0_sx191,SywyNLukIaBteaeBaDyvybLAyUJsKDUwSgDLMJ
fpas0_sx224,vFcLuPmwUTrwDLkrwDLUJUJ
mtls0_sx290,lwJLHhIwrcOLKTrwJLHLAuInLHLwDLtaFBCLHMHMIPwtarLHrJLHhbnLMcQLhgr
mlll0_sx373,cLhaIGyGDaQvBGwUwJcLHIrLhQJyLAwDLHnB
fsem0_sx28,HsLhsLkaILtPcScDLkeaeaIDCcLkbeBQUJ
mjmp0_sx5,KywJLMnDrUlnDgvbC
mmdm2_sx192,JLMIFavbLMNJtrFImcQtbKDlwJKTr
mtaa0_sx295,lwtLArIFLAcCLJLCSagIBFBLvbnQrIsnDLMzitrCymyEDwLMP
mmdm2_si1452,HhFBLMIyLIyUFBLJcQyIymyKDLMnJLtLcLHLHBLMIyvwQhwDELASsGLJwLAJnJtB
mcsh0_si2179,CgCclrDnQrSaLHMJMLCy
mroa0_sx47,CaCJLAIaESyLkwJLBgLAJLnLHLMcLUzrDLU
mlnt0_sx372,lbLkbgwLuIbeCsLAJbDLJLHaEDEDSBSyLbLtLAMrCcLMiJLMkbcmy
majc0_sx385,vwKwFBLhkhrtnBLHnUwtwLSrLhIFLAwcD
mteb0_sx233,vaSsywDtySsCyCDwDJsCLtbsE
mbdg0_si2093,vywQbnDatrLAvwUnFBDbnJLMwDwlmlclcSnlrLScwLiScwULAacDwDlwDUTybJLMw
mdab0_sx319,lsLhHhwywyLuFLgDByubLhBLNcPlwtaDQDyTyaILk
mjdh0_si1354,SwNwDcSBSaILzrJFKLBJwJLMcCSaglwJLMIcLAMtLIBFDBtcDLkMtLCaBLJcLHJwJLMcCUJ
mklt0_sx43,nBLQIPcPQLQhSwyLHIyLQHcBEIFaBtwDwLAJLABPLkwLk
fpas0_sx134,kwJnCLhIwLznDyErISIrIrwDgULCcDLJLMwUJLhnDwCgbCy
mgjf0_sx281,AaIywDLMIwKLHBsLMbLuSwNLhyLiLhaBaUJtIeSrUJ
mtas1_sx28,hsLunLuaILktIrScDLDLunBeDLhcQLunbLJ
fdhc0_si1559,lkwKPIPcByLhyUwLHIaLAJwCIsQmwLkSwOmySwJLJtyBySwNlNwDwDCJnBtN
fjsj0_sx314,vTwJtNLHyLHhBSrCaIGLzncDLDrIrFcJUNwrSwLhyDnFwDyLktaISnBtNnwr
fdhc0_sx209,CgLuABLABrwLlkwLhnLzrwrCSaBScwLNLAIsbgaDU
mtaa0_sx25,SaFDBySBSPGTPrULBFQLDlDwFGFBmTmwDnrU
mlll0_si1993,KwLziKyPSsLAwC
mmjr0_sx298,gLkIeLlcDaLHgQyKTPULlnDLhyFQrLiaILzLzk
mgwt0_si1539,twJLJLHFBChBLkwbwCDbUyJLHbLurLtarIwLkM
fdrw0_si1423,hbeLkaDvyLhkbgamcLMwLhBeFeB
majc0_si1946,lcrIcJBwDLHIaLhBcCScULhgDFCyDJUaBtNLHMHM
mbns0_sx50,AbnmwJLMIatsyLAyLAwDaCwLAcLhbLAJLDlDCwLuBnLlcLHcaSr
fsem0_si1828,nbgKJIByQNtsJnLTvywLkwLkJBsyLhFOLJcwKraIFrcBywDtwQtSBsQcDvywtrwLha
mtaa0_sx115,lwnbnBCBFcCLkMkcLHwLAJNlBcwLAIaLHBcJaBcLuBFBF
mbdg0_sx383,lwLAaILHwLAByDkTrKbCLHPLukaIaIywDCFaIcLh
fmml0_sx410,uInsLhgJUJtrnrKLDacBLAMADyLiLSyLuksCSaIwDyELE
mbpm0_sx47,CaCDJLMaDCBwLkwJBgLAMJbnbLHcLMgUrU
mjsw0_si1640,vecLkwLScDLzGEDlDnDC
mcmj0_sx284,zbtLHtHrmTPraILTPQmwDtsQInQIrwJnDLMrLtTrPLzLHIrLiwJ
faks0_sx133,HyLJnrIywUarILAwDCyETwDtrLASwLABcDLi
fdrw0_sx293,HByUJLMsLlwULknrmyLMsnLhcLABaLMwlwLAIyDwUtwDCsy
mthc0_si2275,wmkmkaFBLkwLhkFOLANtNtnrIrIytwKDLknDKizwOLAHKsLNk
fmah0_sx389,lsyeDrwLhwsLAvbebJNtwDwrIyCFLAacgDLMIPyJtJtJgLk
fcmh0_sx14,hyLtaIGINlnrIrULkswUwLUbCLIyQTPBnIQIytaICywBc
mlnt0_si642,lklknrLHaLJLAIrLMPQJLMbLHBgbmrJULAbcLinrvbDacLHaBCQLHhbD
fjmg0_sx371,IgDeCsDaDLhyLkwLhnJLMeaDLtIrLhwULDnwJLCaILzrU
fpkt0_sx8,SgTnBrSaIyFQrJwBygLmkwcDCDLU
mpam0_si1961,cJcLMwDLMIOLiLMwKrLJLByQLwDywytnFBLlcLhIyLNLHhrIcCwUcLhIaIC
mdlf0_si2213,JcCLhcmySwQNDFQBgJwU
mlnt0_sx12,SFBSISISaLhwDSInrswsyTynaFBlBnwByLy
fnlp0_sx408,aLkQIacacLlkwJFLhSsLhlnmcvbQlwDwyDcDQLMisEDLzU
mlll0_sx193,SgLhgaGaBvBLSwDTFwKTPULCgDCDC
frew0_sx380,SgIgLiaILzCcDytrUlwLiLuaILhwLz
mthc0_si1645,JcLiLvaLMcCwUcCScULAcCLHMByBycDLzcJLMctgLk
fjlm0_sx53,sylwDwJwCLHBQhBcLAbLhywBnIyLAwDLMsEDLJwChBUNU
mbns0_sx230,lcBeBySsvTwrLhcLIbKLDSgUaBnrU
mgjf0_sx101,AwDrwLuraILDLizFLzMwDLkMknLArsLNMrLABbJLMrCUtIFaBvaBcmsJ
fdms0_si1502,vTvTwPCSwUDcrgvgLUbLABwyLHbDwLAvsLAstLSsLMysLhwLHsLAwLDkaLzwJwLHnr
mjdh0_sx184,lhwLAbLMJLHhyeSGLJiLvrLMiMLCSsyTrU
mnjm0_sx320,lcncDlnrQJcDcLuAuaLuLCsnDaLhwPcQNtnBSaLAwELlNtwnNJNLNlcwcDLJ
mmdb1_si2255,vyJSBcDCDBrIreaeBcDLkMvgULMSaILkcLhnLuIPcCLJcCQLtwtLMyLtymwcSs
mjsw0_sx110,lcLhnJLSsmcBnrDwJLlwcJaBDQNbLAJLAMrLHIeLhBCUJ
fmgd0_sx124,aLzwLAJLCsLkmwQLHTPmwraILhTPmwctB
fkms0_sx320,lwDTwPrJwDwDLuaLuAuwcCsDaLhHhySwNwDcSaLAwDLkwJLMwDLJ
mdlf0_si1583,tIcScDLJLIbmwLABSwUcCScUrInLAcCwDLksKwC
mroa0_si677,ACLHrSBcLAIPDULMAMAcLhyEDFLmkwLkwFBULSr
fjsj0_sx44,lhbULAcLhaBaLALhywDnrIrLMsmwELuAJLHaILM
mrcs0_si1223,lwrIsLAFLMLIbDCDBgLAIbLhwLNJ
mroa0_sx407,SBncQNtLhbDCLHMJLwDJwEwtaILAiDCJLCaeBULHaIDTPC
mtdt0_si2254,ASgByvyLkwLMrCwDLkctGaBFBarLr
mwbt0_si1553,vcFScFQclcBwmrIyDCsLkagLhBbDLMwLhgJnQBLkcFUcDSBScLMitIPCLJcLHrFrU
mgrt0_si2080,vLvySwLDcaLAnIwyTwLhIytLAsJtJ
fjlm0_si1043,DaLJcLHIgbgabaUwEByLlwJwLHIcFcLiJLkwLDeaeSnarLA
mwbt0_sx23,lFULCPUswsKwDUvbagacCcDgULCaQcBcJGyGy
mjdh0_sx4,zsLCsrwDCaICFcGDyLhgSrLAwELvaILkLk
mmdm2_sx102,JLHwKBLMbJLtHaIUJUJcULIcncJLATPvaJcLzPwPULCLAHAwLDacLHrJ
mdab0_si1669,hlhsLAJgmrwLkwDLkFDclkcnwDctgmrJnBt
mmdb1_sx275,JLlMyQtSaIrFLhIsLIncLAubnbnKLIwJLSnmr
fmld0_sx25,SFDBsBcGFGnrULBcQLDCBcsywDnrCUJ
fdhc0_sx389,lhsybcFcDmDwLhwEveUJUwDlcrIrCFLAcDLMIyJgLk
mjln0_si819,lsnrtaIJwUcCaIDByLDPLlwDwPwDcBwLAiPJwLkyLnbDBbnJNlwDwDCbEwtwUcC
fedw0_sx184,lswLAbLNJNLCyTaBLhaBSsysyUNUvryLMJLCgLTrU
mwjg0_si1754,vyJwnLlwLAIyUwytBLvbLtcBcece
mrcs0_sx53,yQwDwJnCLHBLhBcLAbLywBnrIyLADLMsDJwCLhBU
mmdb1_sx185,lwLzPLhgwDCyLAaILmkIGgsFQIrBU
mpdf0_sx102,JLHhHhnKBLMbJLAtaIJwULInJLATPLvaJLMwLzwUJUJUJUtcCLAwLDbLHIrJ
mgrt0_sx190,JrQUwLAFJLJBcavbtrcgbvbQLlyBFBFwnynsnwBLB
mreb0_sx205,DFcLMrIyLHIrJDbearIrwLAJLHnLMwLMIPFLhsLuncQCwDaImIrUJ
fjmg0_sx101,AMwDLkwrCaILDLAiTnBLuwnDLknLAIsLlknILHBgbJLIbDCDUtIraBvaBaLksLJU
mteb0_si1133,swysLAnwDLHIrLzbLAcSBeFaEIsDLzLhuFBUtaILJnBt
mtls0_sx20,KTPSaISaICDtByJySLBSBcDcFQtQIrFBLU
mgwt0_si909,kMkcCLHFBLJryIyLMgnrCwnDLknLMJwLAJLHMhytgQwcBPCUaDeavarIgUDwcD
mtdt0_sx4,zLzsCsrDCaICFcDmyLhgSILAwyELEvaILk
mjmp0_si1791,DFclcLCbDScwULDawLkzMzIcacDLHLvyPSCScDLkrLvbgemyLubLMgLmkFLHSwNwJLMIsLDUzr
mgrt0_si820,hgQlbLMkLScDtyBUBnLCbLhkhnDwyLtaIJcBcULavSgrwULznDIFBLAecbDUwywBbnLMwLABtaIJwCwU
fjlm0_sx233,veSbsvbwDtIySsCyCcJgsCtNsysELE
mgjf0_sx371,IgDeCwDaLHhymwLhnJLMgCQtrLhwUwJLHCrLzrUJ
mmdm2_si1555,cJByLHAyQGJUbnDLJMrLk
mlnt0_sx102,JLHhbnKrLMbJLtHaIJwULInJLATPvaJLMwLzwUJtrCLAwLDbLHrJ
fjmg0_sx11,vySwBcBcecBearInrIrBaLI
mgwt0_sx189,kwJLMIGnQIytgeDIyBsmwLMcCgamwLMJ
mdlf0_sx323,lctaLHIrQInDwDLkwnCtrvFIgQyDaDLMgIC
mklt0_sx403,vScSaSILkIOLACDJPwJLMcQhaFBCByJLArLJwCLhBgneBFUwDU
mklt0_si1843,KyPSPwUyUInmytaILuIsnmwQnLirLUwDLhkyIaQBLBcQrCFLSBLHaIDLDk
mbwm0_sx44,hbJLAwLHaFLAwDLhyswDCwPDmrLAMsCwEJLHhaI
mtaa0_si1915,lwSwUNlnrlwLiyPSOcLkvbQtLMIPwDbLMrIyDcDJTyswsKDLhsLuktIrLuwQDcJUJ
fcmh0_sx284,zbctLNhkagTPaILuTPLkwDtsLhrIcLhcwUJUJnDLzwQLtHTPLzLHIrLziwJ
fcmh0_si2084,ScmwLhemwLMyIwPwClkbCD
fmml0_si1670,HbLDcLhwJLDnDJvJFQwvTnracDcJLMsLAbeLwEyESBsysy
mcmj0_sx14,wtaIwLNrUlnUwrLuUbCIyQTyTarnQIytaICDwrIrcr
mmwh0_si459,vytrlrLHrLHIFULuIbDLMJcQcDcDLJLHnJctBgLMJFCLtrLAJLHrCwLHMHcBvaJLHcmBLJ
mtas1_sx298,gbgLuInclwDcLhgmlyKTPUwDLhyFQrLiIaILzLk
fnmr0_si769,JncmFcwJgLMwLkIgScwNLBnmBaDKrLurLhFB
mbpm0_sx407,SBbtNLMbnDLMJcDJwsEwtaILiwcDCJLCgeBUcLHgDTwP
mcmj0_sx374,zaIDLAIysDULwKbatrKtaIcIQrnwQwD
mrtk0_sx373,wCQhaIwDaQGwUyJwLHrLCJsyLNLHwELHnwB
mrtk0_sx13,JLSwyEyTyrIaICwUvgKTPwLAbD
mjsw0_si2270,kaLuJLMkwLkJcCDLkwELMPFcFScDUwLTyLuFB
fjsj0_si1484,lnrIraBUFSaDwJLMJyLArUbQtLMrLMIsPsQNU
mglb0_si2164,lwLATnbnQTwJnBNlbnbDCD
fedw0_si1653,vysLJLHhFBLuAJFPFPlwEDUBy
mlnt0_si1902,lcLHaBJwELucBFcLhlcJwLurIbnLM
mglb0_sx4,zwsDCsrDCSaICLhcDkywLhcncSrLAwEvaILk
mjfc0_sx223,HSOLlcLhSOcOcLirLhBaLMsLhBwDwLuIrIaLz
fjem0_sx274,SBOcOtSBwNtJtNtJPNLhglcBwOLAKTwrywQNLCctBgFwLU
mrtk0_si1093,ScmnFCcwUJcwDQaILhywvsQwraILkywJgJyt
mwbt0_sx113,lsCcJLATwBnebLkcCcDLvwnwULuOwOLktGTwcLhbebebLA
mwew0_sx191,SwLkzIaBtaGDmybLATPyUsKDUwPSacDLJ
fcmh0_si1454,acIwLzcPCBncBsysyLlwcCsDLMgLiTPULMSrQhnIywJLAaCLHwUswKwDUcQLHaByncwJLMrU
mrjm4_sx319,wvwLhywLuFLMgLBybCLhBLkMIPlwctIaICvaILh
mpdf0_si2172,JLMInsELtNtLhyLubnbDLMwUwLHcFLHwDLkeDLvwULzncJLM
fdhc0_sx119,lwCwJLABcFSwUIyLMIbLMwLkSwNlwDcLHBFBwLzyE
mreb0_sx115,lybwCPcCLkwLHsLAJyLAIaLHSwJUaBcLuSBSFB
fnmr0_si1399,lLlcJcwJgwmyIwBywLuUJUJwJLNMwLbJNJwLAbDLMwLMyFQrIwDcCLhcFeFQhbwnLuSeCrsKwcDcCbD
mreb0_si745,HIsFBFBFLQaILMnFLJLMwUKTPKIPB
mrjm4_si859,sDaDCLMwDLMrLhywLMrLHgbDTPUKUySFaDLHsatclcSrLAIrIbnbDLMnFBsrIwLMvgrUJ
mjsw0_sx200,IbeBtLAwDLMIFBlcJLMaLHhSgaLMitcDcLhByLirU
mtls0_sx380,SgLMiaILzLCIcmytrJnLiLhkaILHwLiz
fdac1_sx394,AbeJywCsLAJLhFaFEDUwDLMytJLMkIaDED
mtdt0_sx94,TcFCFQJLMIrULhBFQLAaCwDLAbLkhyPwULMIyLJ
felc0_sx396,lwtwKtLhwLubDLMPSyLHInDLMwLABybwcDJrQtQDJcDQlcJLCaFBSBSBSsLA
mdls0_si2258,TPwDcCvrIySarDTwPB
mpam0_sx199,TcFCLiwFLkhIwDLiwmwcQaIwLkwLziLHhFKrLMcLMAwDLMsLzwzJLMwUyPyUwDU
mmdm2_si2082,vTrLhGBlwECnFLAysyDLHTP
mrtk0_si1750,AwlwywCbJrwCJnBtHtylwcwcCbDaDlwJgLlwcLHIgCnwDlwJLMrtwr
mthc0_sx25,FBDCBsysyDBCaGrUBFLChPwBywDnrU
mjln0_si2079,lChsDwLJBbLHlswIQtgJNUNJNJ
mrjr0_si2313,SnBLzwDTrLlwLDQvDyvyLkFBDBySagDLwnwDCwULMIrvnDryLkwLDTyPQwDLkMzPwQbLSnB
mreb0_sx295,wLArnIBcFLAcCUJLMCaIFBLvnQrIsDLktIrDCymwEwLMP
mtas1_si838,wvyELAIyJwyELMnCLhFBFcFQThTPLHIamwLkwQnBLCwD
fsem0_si568,bvbeIgwPUlwLAbKBJLMaEwDcLAIcIJKLMkLkacacDCSagDESaILBnQLNtr
mgwt0_sx9,SvSnrSryTyPSgbBSBySrFcFSsys
mmwh0_sx99,DwLkyQBtNJgmySwULhsJLkaDvgarLAyJ
mmwh0_si1301,kyDJUJLAwDtaIDwDwCLHaILDLHhHIwPLzLhwLMSwyDlkwLHIrnrKzULUlDwDLnwDctQtbnLAcBLMwy
mpam0_sx379,MbCLukuwQULkIgaQmwEDCBnJwDUFDLlNrUJLksPsU
faks0_sx43,nBlBrByLHyLHBaIratcDwLAJLABPLkwLk
mgjf0_sx191,SwNLMIaBtFDybLATPUsKDUwSaDJ
mrcs0_sx413,lbtLDyUJLSBymyULDkyLmBLHGLJLAaItLCbLMiLMrJLArLM
fpkt0_si1538,wLAnrIrLzLAIcDzJLhgLULkwCSgDLMJMLHkwFLMIwELNMPwlwLuBPC
mcmj0_sx104,vwyJLMaFBFcIcLkgDCDtIrcCcLhnbnbsLur
mglb0_si904,vyLHwrIrLmwvnbLmkwELuIbDLkwUwrInIrFcLMIbLAJLAwCnwDLkwQyTyPFcLunDLhcBFLF
mers0_si1649,wLMJctIcCecLmhyTwDFeB
fkms0_si2120,vyLHBagFULMkLlhChnDbmwLkLnQIrwyNtNwEDaFcwIKwnLHLHwUcSnLHcwD
mwew0_si1361,ScmwDwJLScDJnLiKDSySnBLAcCDLkcaBamwmrLrU
mtas1_si1473,TFcDTyLkwCDctLvcDy
mgwt0_sx279,nbeBcJwUJwLhwBwLAyLMPSrLSwLNMNMeLHJPLHrQlhwLKzwDLwULDFLuASrIrwLlywy
mglb0_sx364,TyLizcDLMgbgbCBybwDLMAMncCSaBaJLAFaDJcagcmwLSLScNcLhIsLlkeacDcQDwvymwEJwJLMcCLhHhaILM
fmml0_si2300,CgcCclwrSwULhwJgLmwrJnBtcwLATnrycBcJwLky
mjmp0_sx95,vTyPyLuSgagmDmwnUwDebeBwLuwswQrKUKrLMgLHcLAcInLMgFBFBU
faks0_sx403,vrSaILkIFLAwLJnJcQFSBwyLJLArarILMJcDwLhBgBLJwUJ
fnlp0_sx228,lcQTyPLHGEDLDFQhrBcgLNlywFDKJvPwDLD
mdls0_si1628,lwJLCgvbDBsnsLzrvywDCDtacDLkMwCwDwDwLUSFaILkSs
fjem0_sx184,wLAbLJLCDyeaSGwUJUJLvrLJLCgagTyTwPwrDCU
mtaa0_sx205,lDFLMrywLHrJLDaILMAJLHcLMwLMPLhsLuFQrCwLSHBSOImrUJ
fgjd0_si818,hFcDUwELAaIAcBSBwLzLMIbDULCnwLHSaGIGBsyLwDLMwnwDLMwrQIwtBnLlwLcAaBaBLMwJaIDCwLAJwLDBJU
mdvc0_sx306,cLizGFUcDtTPSPcPLhyLAaDCDLzncDrBLU
faks0_sx223,HBOcLlcLhOcOLMiMrLhBaLMsLhBFBcwcDCcDLurIraIUKJ
mrws1_sx50,AbmcwJLHMIatwLAyLAwDcCrwLAcLlhbLAJLCwDLHBcLHlcLHaIr
mpdf0_sx282,lwLMPNtrnrtrLucacLMwLAcFCScDIaLzrwUJLMPtncQe
mbns0_sx320,lwcDwrJwDlwLuaLCsDaLhySwLNMwDCSFLAwELkwJLMcwDLMJ
fadg0_sx379,HvHbDLkuTwLJLMIgLmwyESBcJDUcaDlLNlrULksU
mjar0_sx368,haIGULAagagJLMwDyLkwLhBbsLABFULkwLhyLAcCLHByByncBwLuwnD
fdac1_sx124,aLzwDLAJLCsmwcLHTyPQmraILhTPmctBC
fmld0_sx385,vwJKJIBFBFBLkrtnBLNlwUwtwLSrLhIFLHAwcLD
fmld0_si822,lhcFcLHrLmcLAKwDCsLhywDLAIyJLHhIgmybDLHtMIrsbDLtQnLMwcwLHIaILtLtHrIyUwQLlwJLMIaILuk
mdls0_sx8,SgTnBcrSrIsTsyFLhIrJwBygcDCUJ
faks0_si943,HhIOLkcacLAKDPwDCstaBtaILhcBSFSnwLAJLHwLHsKDLJ
mjfc0_si2293,lkFPSFcUSrJLhnKLBylcScgDUnLmkaBclwrwLuIcDcCLHJLSBbtLMbLHBemwJLM
mtdt0_sx184,lwLAbnbnLMJLCyTyeavaGUvrLiLCgTrU
mdlf0_sx413,kbtyJLSymyKLDymBLHGLJLAuaItCbLiLMrJLAr
fdac1_si2104,aeaCvgvavytNtNtNtbaLsLhBgbgbgJKJKJLMkwcPcQFBGaGaJyLbLDBgbJLM
mlnt0_sx282,lwLMPCPLHLHhHrnIytrLuaLMwLAaCScwDLIaLzrJLMPLNHLhbnBeLM
mpdf0_si1542,lwtyLASaSIaICyKPrUJULwAwbwDaQTwJLMwJIyLHrnr
mers0_si1019,lknCLhkPLMPQlwLAbDLMIyLSrtrLMPULHFLhIrCU
mteb0_sx323,lctaCLHrQwnDwDLknbDtcCDcrIgQLwywEaDLMgDCD
fkms0_si1490,HIvbLHMJcLScFUIgLMLHvIvbLHMJwLSwUJLzncJLM
mwbt0_si923,MPCnDybnLAJLhrLiJNlwJLMIbnDScUwDnQclmcLhFBLB
mbdg0_sx23,lcULChTPUwKwDUvaICcCDgULCSaIQcBScJLBy
mmdb1_si1625,vwyCsLAJLHyacDLABFLHtHrLhB
mtas1_si2098,vyLuyQswKaILkrvaILkBbtwDSBOLMwDLvrDFwESBy
mdvc0_si936,cBSgDyDEvaBlwcwLMyJUJUJLCsLMsLAyTwTraICaI
fgjd0_si549,lhsyULHIFLIwnDUwDCLtMwJgUNlywLAJnLMwrDJUJncQLhgIsKcLABIbnbnJLtIrCULHyUJLScBy
fsem0_sx118,MAcChgDaDlCsyELuIsmuynIDLUJnrDrcBaIgLMLhFBFBLB
mwew0_sx371,IsLDkeCwDcLhyLmwLhnJLNlMbsbLtrLhwUDwJLCrLzrPrU
mwew0_sx11,vyPcBeSrLInIrBg
fcal1_sx323,lwctaILHIrQnDwlknDCLtIrChrIgQwEuaDLMgC
mthc0_sx115,lybwcCLhBwDLkywLHMwnwLAJLlywLAIaLHBcJaFBcwLhSPFBLF
mdls0_sx278,kwPtcFclrywULHnJLMyLzizyPLAsKLByIyLkUlcSaBJLMIyLzaILmB
fpkt0_sx98,unJLlwLAScnLKzKLiwDtcDybceDLMJrDr
mlll0_si733,kMkPQGLHcDLMiMKIsyDrLAgsLywDLMwCyLMJLMnJlcC
mjsw0_sx380,SgLiarIrLzDCcmDytIrJcLzLubabaILhCwLzLw
mtls0_sx200,IbetLHwDLMIFQlLlwJLMkaeBLHaLMiMtrDLlklcLHsyLirU
fdms0_sx228,lwQvTywLHGDLkcBQIwDlcLNLNHtyTwcBDKD
fkms0_sx140,bLurLABLMIcBLHIaLAJaIrcDyQwDByLkwJLMizwLhwLmw
mjfc0_si1663,vyNtnaLvyLJPaLHwnBtsUbmcSwDLkFLF
fjlm0_si1673,SwDLHNsELAvyNLNthgagaLDcLhgbgmsyDnFUcLhbmwyTybw
mlnt0_sx192,JLMIaIvbLJLJLarvaDmcrthbKwDLkwKTyTwrLr
fpas0_sx314,sytNLMywLhaICaILzcDrJUlnrLhwEDcDyLktIrSnBtnrC
fjlm0_sx143,lwJbeDLkcwcQLzwmwrtrUzLhyPLuBJLunIrLlkHvbDkcBFcB
mrtk0_sx193,SgILhChgSGaFSwDTyFSwLzTPUCgwD
fpas0_si944,wLtvctaICwUInDLMwlcrIbnCcJLhyLHsLkLk
mcsh0_si1549,TaBKwmcQScDLDCyLkPacLM
mlll0_sx103,AaBDbswsbLhwyBwDLJtrCnmwLABJwUJLMwDLJ
mpam0_si1189,svsyLtTyTwFQLuIcaDUSrLAbabLMirLmwDLHwcwUwKwDLD
fmgd0_si2194,vyvbnLtBaBwDLMPwJcatLzaLbnbnDeDlwLzaLhSwULuBaDwDySwJLMIbDLkw
fmml0_sx230,lcBeByPBsvnrLlcwLIbKDJgUgaBvnrUJ
fgjd0_sx9,vSnISIrwyTPQSaeBSySrcSsys
mmjr0_si2166,BcLALAJIyUKUaILkLJacDtBSacU
mdab0_sx229,gTPBcPLvyQtFCLHSBScGwDSBwcLM
fnlp0_sx138,lwLABcDLUyLAnLNJLJwCrJLhHhwBPNcCwyELJLHlwDLJNUlJwQLHrLtvTyPCDLD
mrjr0_sx12,SnwBLIaLhwncDSnrsTcBcBy
fdac1_sx214,lcCaDwELuwFBFBaDCDlnwJLhgwLuwcSbLuSBnwJnDLkwLnwnDlnwJgaDk
felc0_si756,CwLMPrIrywBJLJrInCwLCaSwDELABsLInLkcSgLkSaILhcact
fcal1_sx53,syLQCwDwUwLHBQBcLAbLhywBnrIyLAwDLMsDJnChBU
mers0_sx209,CgLABLAacBFrLlcLhnLkIrIcCSaBLScNLAIsbeDLU
mpdf0_si912,TPCbCsUKrJnBtwDwLASgrIywBDCbLAtaI
mgjf0_si776,kwDkaLMiIaGTaIDLMPLMsLz
fdac1_sx304,KiyLHJLMkaLAsEULIbaCDlcQtIrnrnJLMgbDCDLlnShSaDk
fgjd0_si1179,ScnLKncQlyUwQtnLAJLChy
mpdf0_sx372,lbLhkgLuIbCsLAJnDCLJFBCybcQLMrCcLiJLlMnmyLy
fjmg0_si551,wUlwCbLlnrbclQlQwnDbaLMwJLhyLigeBLknwLtaBeBLM
mwjg0_sx224,veFLuAuSPwOLkwLwUKTPrwnDLkPaIwDJ
majc0_si2095,CgLubLkwmwLDvylBlnQLMPOLuIsmsLzLz
fcmh0_sx194,lhsbwDLzGwSnDgaBaLkwKwDLD
fgjd0_sx279,nbetNtwQUwQLhwnFBFcLMyLMPcSarIrLAScwLkMknbeDLJwLHIrLQhswsKwDwUDFSaIwlyLy
mjar0_sx278,MwtrIwlnrwUJUJLHIwJLMyUvTvyTwLAsKLDCByIyLUcSaJLMIyLzrDB
fjem0_sx364,ylyLzcDLMgwCyELAcDCSaQtLAFwDNJtgmwLkSwNlwLhIsLueDwmQwywyvyLmwEJSwJLMkwcCLHgrI
mthc0_sx385,vwKwFBLkrtnBLMnFUwtwSrLhIFLAwD
felc0_sx126,AaImwtwKBwDLMnBcLzwDLJwUtrIyFB
frew0_sx20,KyPSaICDtByUNUJyPScBcDFQIaBU
fjsj0_si2114,JLMsLshsKLDUnLDBnCLCybnLlFULkgU
mjar0_si1988,veUwJLMIsLATPBtaFBSrtnwr
fedw0_sx94,DTDbaeDLAJLMIcwJBcBQLAaCcDLAbDLhysnwJLMIyLMJ
mwbt0_sx383,lwLAaLHwLHABSBysmnFrULKbcCLHPQkagIraIycDLMFIFLk
fadg0_si1909,tbLKFwLuwDBPwUJLInBFBULhwLDyLlwKr
mklt0_sx223,HOLAcLhOcLirLhBaLMsLhSBcDLhwLuIrIFagLz
mjsw0_sx20,KTyPSaISISaICtByJySBcwDFBQInBU
fcmh0_si824,JnQFBctrCUnCIrsLiwDLkgUwEwDUgDLHInLHrsKwDLMTIPQNtHyLCbnDwQtbLMiMiIrwU
mmdm2_sx372,lbcbcLhkhgLuIbCsLAJnDJLSBybLMrCcLMiJLMnmy
mjln0_sx189,kLkwJLMIPGsnQIytacIcBsmwLMPCgamwLULJU
mmwh0_sx189,klwJLMIgnrQIytaeBIrcBysPLMwCgaBamwLMJ
fdms0_si1848,SyLAwDLkgLiMPyPLQhIyLADLkagBgLAIyBLHyLHB
fcal1_sx143,lwJbeDLkwLzwDwtrULhTPLumkBJLAwTyrwLlnwDvbsDLDBF
frew0_si1910,vyBPwPwPQLkwDLhIyLtIwmlwcCgmwELAbcCLlQlwlDwyELE
fmah0_si1919,nQIyCsQCwKJvKwyCsUJUJUJywLknDnUNwDNwrBwyDEDuDcBGUNy
mpam0_sx289,SnlwLHIrIrPQLucBaKwUrQrTPUtFBSFDwDUTybabamB
fmah0_si1289,lctIsCSwLuTyUncLNHMHnr
mmwh0_sx369,haLHsLHrLmFtrBLQBwQwErIwCTrarIrBU
mcsh0_sx379,HbCLuTwQULuIgQyESgnJDLUaDELtNrULkyU
mbdg0_si1463,SwLAbDvcSnQrCbLAJwCgUJUwLJwLAJLHnLMwLkIbgBTP
mrjm4_si1489,vbLkDcBaJLAFcFBLhHhcJsC
fmgd0_sx34,kneFLkPLirIByULMrmyLkswKwU
majc0_sx25,FaFBDLhBsDBCaGaGaGrUBcFQDFBywDrnrJ
mreb0_si2005,vyEnLBntLMrwDLQhgBwLNtswLAyEtIwCsybarImySwLznDLMHMBLHrwDLMaIC
mjmp0_sx275,JLMyQSaILhIsLuIbnsLAvbgKLCnrJLSnmr
mtls0_si1370,SwCstsQnLvwJLHIbcCcCScwJNLhkhbgLDFJLMLlClCwLlHlHnLvyIwyLtTPULMIyLCw
mdls0_sx368,SGULAaJLMPQCDhyLmwLhBbgLuBFQLMLhyLAcDCDLHMByBynBwLuwcLM
frew0_sx110,lwLhnJLSInwLmkcBnrDwULUwUJaBQnLAJLMIrLHIaLhBDLUJU
mjdh0_sx274,lcQtSPcJPQLhgclcScwOLiTrIyUJLCcJaLzK
mwjg0_sx404,haILhcLhrDLMLHsyLHrwDHByPUwDlwLHhyLthaDLHhgr
fgjd0_sx369,haLHsLHrLmkFQwLkwcBwQwyErwCSwrBFBU
mdvc0_sx216,lwcJLCaBLhGgLHcOLlcSaICaDlcvcLALA
felc0_si2016,vyQaIDFUIFLHJLlcLhFLMJLAaCcDJLMecaeFDLA
mnjm0_si1580,vyaFByJbDLlcwcvbeQCcDCywDwLwnwnDvDnwQJULHaLA
fdhc0_sx29,vnBLHLuIsLMkwLHwLAwcLHlbnbnLAcQLhwLMsmwcCDU
fsem0_si1198,vPwUgwDULhFgIwED
fmah0_sx209,CgLABLAaBnrLhlwLhbnbnLkIrwCSaBSwNLAIsgagDLU
fcmh0_sx104,vyJLMkFBcLkgCLtQhrCcLhsLurLr
mmwh0_si1089,HrvbLHJNwEDULSIyQwDSrJLNlbnbDLD
mgrt0_sx370,lcDLDhFGULHIaBQBcDCLuIFULCSaIrcDFBsEDEyLizLks
mwbt0_sx293,lLlByULMsLltlwULMIwPswmyLMsLhcLABaQNJLMwclwLABSByDcnwUtcDCBs
fdrw0_sx203,lwLAaDUSBsbnDLkwLkwLhIcLHBysysyLnLlwKTPBacaca
fmld0_sx205,lcBcwLMrLHIrJDerLAJLHhnLMwLMPSPFLhsLuncQrCnDarImrU
mtdt0_si994,vrJLMcmywQvwUJLMIrIyScFULHIrJwJLMcCSBSByLHIrJPLk
mroa0_sx317,lwLAIbnCLhIrywLhFLhuhuTPwPLULhIPLHIwLkzyPywCDCFmDFDLC
mmdb1_sx365,lyLMAMcCcDLAnFLMwPwUQtwLMwcCLAaIrLmbnbDLucDLHGLktIwNMIyerLU
mjln0_sx279,bectNlwlwcLhwBPBmyLMPSaILHSwlDeLNLNJMwLHrQTywPKzwDLvwULDFSrLUKUwy
mpam0_sx19,cBCBcPFcDcCJwFQDQSrLAwDatDLhytNBwCUy
mjar0_si2247,SyLADwJwcDBymTrKwC
mmjr0_sx388,vrIrwmvbDsLAJLScDnQrcLlcLhbeCnLMIwLALHInrKrLiMibnDLzwU
fmah0_si659,vywtNJtwUJNLAIywUvwPwQUQlUcBFDLTuTnmyLMiLCsDCwUNJInsgLAwLDgeUwUlUnecDLvyPUJLMIPyvsDw
mjdh0_si1984,nwDScmgUJLlsSr
mmjr0_sx118,AcLhgIDCcSaBQlwywELurywDLUJUJLvbvbBaILzLhBFB
fedw0_sx4,zsCsngrIgwDCGSaSacCgDywLhaSaIrLAwDvaSaILk
fmld0_si2185,KyJwLziraILAMnCQCDFLhFDLkUwDLiMInCLJLSbCLhbLASIr
mbdg0_sx293,HByJLMsLuAlwJLMryLMsnLhBLABatNlclwLAByDTrLUtrChy
mdlf0_sx233,vgegeSbsbybnDtIyPGSsCyDlwJsCDtsnwsED
mreb0_sx25,FCByCPFGrULSBcFQCsTywDnwnrU
mrjr0_sx192,JLMIavbLkJLvaIaeamctbKwDwJyTwTr
fcal1_sx413,kbtLDyUJLSymwUKJLDsmcLHGDLJLAaItLCbLiLMirJLArLM
mthc0_si1015,vsybwDLHbgKLMIrIraILlyclrLiyJaIKJDUcQSgLNJLHMHhaLAtyLk
mjln0_sx9,SnSrTPSncFSySarSsys
mgwt0_sx99,CymywQcFJcJgmySwULhsJLMaDcvgrmIaILAyUJ
mmwh0_sx9,SrSITPSFBFSBySrScnDs
mroa0_sx137,AtIrLkwKDLAHASarULHIcCFBLHIPQPBLtLtLIcDLhIPyLzLHIrnrLz
fadg0_sx19,ncBPCwDcDCLJFQSrLAwDatwDLhytBncDUyELE
mwjg0_si494,lsLAJLBFBywPQLByJULHScDvbLHercSBcELuIr
mcmj0_si1094,CDnILAwDTwPwJLHMsLHrIrIyQTPrULICgLMwLAIaBwULHMgsULDCyFSnUJLNMwLA
fpas0_si1272,vSBnQIrLMIrIybnbUJUJLMIrtwQUwLAJ
fjmg0_si1811,HIsbsbDUwcSBsTwULSgrLhIbnDmrJnLhIbnJNLNcJBgsy
mbpm0_si947,tLtvTPIrcBnrIrUrLHrLMnLMwLhcUcmDwE
mjfc0_si1033,wtLkaILAsCLlhlysySwLBPULrLr
mbpm0_sx317,lwLAInDLhrsLhaLkwLJLIsLHrIrmywDamcC
mrws1_sx320,lwDwrwrJwDwELuaICLCswDaLhySwNwDSaLAwELkwJLMwLCJ
fmah0_sx119,lwQCwJNJNLASGFBSwUvUIPyPLAMIbgLMwLkQSIwLtwDwLHaBwLzy
mers0_sx299,KisQwELAIsCDwUwLHaLHwBrvrgmcCScDCvecSyDLC
mmwh0_sx279,veBcJwUwcLhwFBcLMPLMcSrLASclbeLJPLHrQlwKwDwULDFLSGwNlwy
mlnt0_si1574,hBgJLSaDLDkrIeBLlcLhFBcLHCbnDLMcBUbnwDSwyLivyCaLMkswLHhIgagLhInbnLM
fpkt0_si908,SyFSwUJLlNbcSySwLkgIQScwlNnrLhPLkMJcacD
fmld0_sx295,vwtLATnIFLAcCLJLMcCSgaFBvbnLQrIsDLztrCyLmwyEwDLMP
fmgd0_si934,cNaImyJUsLlnmFQULzMrUaIsLtIgDCDLMaILvw
mbns0_sx140,bnsLurLAFBLMIFLHIaDlDcLAJaIracDyQwcDByLlwJLMIPwLhwLMw
fpas0_sx404,hSaILhrDLHsLHIrDByUwDcLhwLhaBFLQLthar
fnlp0_si1938,tlBgmwLSwDLkncFULuBFLzPwPFLhgLMPLlwLkneBCLHharIrIr
fjsj0_sx224,HIgcgLuwDLUzTrLzrInLMJ
mteb0_sx413,ukubtCDCDyJLSyLmwKLDyLmkBLHGLJLAuaItCbLiLMirJLAr
mdlf0_sx53,TyQwDwJcCLHhBQBLAnbnIrwyBnrIyLAwDLMsDULJcCLhBUJ
fnlp0_sx318,HBysyNLMPwsLCcDCLlwLMsmcFUncLhctaFItaDUJULM
fdms0_sx138,lwLABcDUwLAwJLCrJLHwnBJUcCDwLAJLHnDJUJwQtLHIrtTPCDC
mbwm0_sx134,kwJnCLhrDLzbDTwSrnrDCgJLCcDLJLJLHnDLDwDCgbCy
mgjf0_si641,ABnQrBSgLMJaDULSIrIrIFQrByLAGtMiIbLzwLAJaDLDLULlcBwmBLMPCnBFcLzrCbmwLA
fcmh0_sx374,zaDLAHByDULUKnBtQwnwnwKtaGIGBwlQwE
mdls0_sx98,unJLlwLASbnKLiwDtcDlCybDLJr
mrtk0_sx283,HBgbDCLHrDvIFmaILwDCwUsKDUJLtIrCFCLChurQNLAwDLMtIB
fpkt0_sx278,MPwPtrlrvTwULHIwJLMyLivTywPwLAsKLDByIyUlcSaBJLMIyLzrDB
felc0_sx306,hcLiPFUwDtTPSPBLhyLAacDLznDIBU
mmdm2_sx12,SFIamCLCcCSryTcBwBwy
mpdf0_sx192,JLMIavbLJramctbKDwJTrLr
fdhc0_sx299,KyCyELuAIysCwUwcLHBagLHTyBrgmwCcDvaBcSyD
fjsj0_si854,wDLHMHrLzwDLMnwnbLMJKLwUgUlknrLhnDmDwctwnwLMJ
mdab0_sx409,lhymyEJLHwmwLzLDCBgsgsByLAIyJwJLMIsLNLIgLMBFcJLSBy
fjlm0_si2303,wDLKaGaILMAwnDLMwLhaIwDcDaILhrBtIsULJBgngJKJLMwCLhr
mrws1_sx140,nbabLurLABFLMIFLHIamwLAJrcDyQwDCByLkwUtrLhyLmkwLk
mrjr0_si1182,hcmcJLkwtInDLiysLkctTPOPQlyPyUgLkwywncFwU
fmgd0_sx304,iyLzJLkMkeaLAwEDUtIacDCDlwcwtrJLMgaDnrSaID
mtdt0_sx274,ASBOwNtSFcGFUJPLNLhcmcBcFLKTrIywJLCcJagLz
fdms0_sx408,gLkIgLlwJcLhSsLlhnseDECvbQcwDLkMwDcwQtLiwsDsyEDLz
fsem0_sx298,aIcLuInQcDacCLhgQlhyKPywUNlwDQhyBQrLiaILhMziJLM
mmjr0_si1648,TFcUcwtwrByCaILCFLMnBLSwJNLASGmGwLhwmcQcBnrLMLABLkcJLHBgwDtIaDCLM
mbwm0_sx224,vcbFLhuyPQmyKTrwDLkrDLMJ
fjlm0_sx323,lctaeLHIrQNwDwLlkywbCtrCrIbgaQhwyEaDLMgaCLC
fjlm0_sx413,lbLtLthsyJLSywKLDyLumcLHScSIwyLMJLAaItLCbLMiLMrJLuAuIabr
fjsj0_sx404,haILhrLHsLHIwDBSByUwDwcLhwLhgDQLQHhBgBgr
fdrw0_sx23,lkwFwUCyUwKwDUMvMaDCwDgULDaQcBwJNLBysys
mbns0_si1220,lsaBaBJFScDCcDywLHInJLlMyPKwDUwLATrLkMUMy
mdlf0_sx143,lcJeCDlcQLzwDrtrwULhTPLhPBJLAuwnrIrwLhybDLMFcSF
mdab0_sx49,bLMSgBgsGLMcCcJLtatNlBsFBFBvcFKcLhBy
mdlf0_si953,vwJLMaIwDUwQvnbLMPIyUwDUtrLHIrJwJLMyDJFaDEwDnrDLQInJLlMwLuPsKwDLJUJ
mrjr0_sx102,JLHcKBLMnbnbJLAtaIJwUIncJLATPvaJMwLzwUtrCLAnwLDbLHrU
mnjm0_sx50,bcmctJLMIatwLlcLAcDaDCwLAcaLHbLAJLlwLuBbnLNlcLHaI
mbdg0_sx203,lwLAaUSybnDlwmcwLhIcLHBywNlwKraIr
mtas1_sx208,IaLhJbLhgclcLHaDLkwLwDLJLAubnbLziLMcJLMIsLkyJUJU
fcal1_si1403,wcSaBSsUlbnbDLkwlkwcLHsKwDJgagLAwcLABLhBSgDwULCbDcwtnwJLMwLJnBtN
mrcs0_sx323,lctaLHIwQbnDlkwlLlkbCtIrcCrIglwEuaDLMHgC
mjar0_sx98,uncJcwLAScGKwDtIcCybDJr
fjem0_sx94,TcDtNLMrULBcFQLAaDCwELAMbLhynwJLMiIyLMJUJUJ
fgjd0_sx99,CInwnwLmkyLQhBJwcwJgLmkmySwULhsULMcCvgraILAyUJU
fkms0_sx50,AemwJLMIatwLALAwnDLDcDacCwLHAcLHhHbLAJLDCDwLlBnLlcLHaI
fmld0_sx115,lywcCBcDLkwLHwnwLAJLlDwrLAIaILABwQJUaeBSBcLuSF
mgrt0_sx10,cvgcgTnrLuIsLUvgrQrLBarIwLlUlcDbDLJyU
fdac1_si844,tlbeDUJLMbLCwLAaFBFcFQtwKwcwDUJsysywUwLizsyTPQLkLvbLlysLAJLHbDLJcQbLMiPcBaBNHsLAJLHneIybwDLHMJ
mlll0_sx13,JLSwyETraICwUvgUwLAbD
mcsh0_si919,aQlywJByQlwLhIgLlBLHInrvnULCwDywLzcJLCcLiLMcCsLMPlnrDPJwLizPSsKwD
mroa0_si1307,lwUwULDFcDwULAMAHAHaCLQtLCsKLCBLwDLMLMLHLPwLy
majc0_si835,JswBULCcDLiwLHwUJLMkwFBCLDcJcwJNlnIwyLhlwmwLNlJwLkwtrDLhIbDLkwcQJsBULCwDLiwnw
fnmr0_sx229,gTwPBcOLAwEtaICLHBgCwDLM
fmgd0_sx214,lwcCaGDEwELkTPBcCDwJLhgrSbnLlBlwJwDlkwDwDJcgD
fmgd0_sx394,AbeJywCsLAMLhFaDUwDLMyLNJLhIaBDC
mglb0_sx184,lwLAbLMJLCyeBvFSwUJULvrLMJLhgTrU
fadg0_sx289,SnlkrLHIytLAucBaDKwUrQrwryTyPyJUtcBwnDLJybmB
fadg0_sx109,KyJLBOLMwDLJLHIyEvrIsELABaDcwDwJLMyLHJBFLH
mdls0_si998,TuTunLlsNIgQNaBaDmwD
frew0_si1030,hIyBCyLkwtraILAIbLArLrLJ
mwew0_sx101,uMwDwLucrDLDLzizwBLmnbDLknLArIsLlwrLABbnJKIPCLUMtIaBDFaBcLmkmsJUJ
mgwt0_si2169,cLHJLHMnrIULUzULhwUwNtyLiaeaIywEgLuAIsLkIaCLHJLHvbmrLkrIeDLkMrQIwPFCLC
mrjm4_sx409,TyDCDUJUJLHwPDPKLDCgLhyDCLHIyJDwJLMIbnbDLCaIagaLATPFcFJSwy
mreb0_si1375,atwDLkacCDwDLJLMtInJwCLHBwywDLkwLAsLMPwJnDrIwELEAcFQwLMnDLKiwDaIywCFKwD
fpkt0_sx368,DBCaIGyULAaJLMPwPCDymwLhBgLuBSBFcUNLUwLhyLAcCLHByBynBwLknD
mtls0_si740,kuPScNtbLQtswDLNtNtJyLHsLhBLASaBcN
fcal1_sx233,vgSsbwDtIySsChCyCDwJsDLNksbE
fkms0_sx230,cBeBySsvTrLhcgLIsKLDBcBagULhaBnrU
mbwm0_si674,lwJwJLDPJLHnLMswmrLMHMsFgLHhwLAJLHwrIwywDLHMJLvnQLQhIySacDwcUJLMcLhywLHLMwJLHwD
mgjf0_sx11,vySFcBerInIrBSg
mrws1_si1496,bQLMIrCQCbLhgFBcQULScUwLuUJUBFBLMcDCLMBSyUy
fdms0_sx318,HByULMkMwLCacLHAwLMsmwcDUcLhytactIaJLM
mwew0_sx281,AaIywDLMIwKLHBsLMnsLSwLhyLiLhaBULtIrIerU
